,Month-Year,QUANTITY,VALUE
0,April 2024,50554,48452359.0
1,August 2024,68859,64578058.0
2,December 2024,57631,53708425.0
3,February 2024,44063,53537043.0
4,January 2024,67526,70511151.0
5,July 2024,74691,73513379.0
6,June 2024,60717,59762933.0
7,March 2024,45382,49990574.0
8,May 2024,69551,69627696.0
9,November 2024,75361,73430633.0
10,October 2024,84739,82152978.0
11,September 2024,66747,65730447.0
